id,edad,sexo,nivel_pais,anos_escolaridad,ingreso_mensual_usd
1,38,M,medio,10.2,554.37
2,41,M,alto,8.6,509.48
3,23,F,medio,3.8,297.5
4,54,M,bajo,5.7,310.64
5,55,M,alto,13.0,684.37
6,53,M,medio,7.6,401.8
7,52,M,alto,9.7,533.89
8,55,M,medio,4.1,221.14
9,63,M,alto,6.7,429.36
10,45,F,medio,9.4,544.38
11,47,F,medio,5.7,361.18
12,23,F,alto,11.9,696.58
13,39,F,medio,9.7,533.0
14,28,F,bajo,8.4,411.1
15,44,M,alto,6.9,313.31
16,38,F,alto,10.2,499.82
17,49,F,bajo,7.6,412.75
18,60,M,bajo,6.6,287.63
19,37,F,medio,10.9,556.22
20,47,F,bajo,5.5,232.9
21,49,M,bajo,6.9,353.32
22,43,F,bajo,1.5,149.86
23,43,F,bajo,7.4,373.02
24,44,F,alto,16.6,744.24
25,32,M,bajo,1.6,125.75
26,49,M,medio,6.1,375.26
27,27,F,alto,10.4,409.48
28,62,M,medio,12.9,530.11
29,61,F,medio,7.4,448.92
30,21,M,bajo,8.9,449.74
31,46,M,bajo,3.1,179.03
32,27,M,medio,9.8,472.82
33,22,M,alto,10.5,449.6
34,56,F,medio,4.4,155.29
35,49,F,medio,8.3,439.3
36,39,F,medio,12.1,574.11
37,28,M,bajo,8.6,353.55
38,52,M,alto,9.6,508.83
39,59,M,alto,16.1,631.53
40,40,M,alto,12.5,609.87
41,50,F,alto,8.7,546.11
42,30,M,medio,11.1,360.83
43,32,M,alto,11.9,580.61
44,35,F,medio,5.1,113.77
45,56,F,medio,11.9,542.85
46,41,M,bajo,0.9,39.35
47,48,M,medio,5.2,205.96
48,18,F,alto,10.1,443.23
49,59,M,alto,7.4,358.86
50,30,F,bajo,3.9,269.17
51,58,F,bajo,7.2,392.88
52,43,M,alto,7.9,439.53
53,26,M,bajo,5.3,175.83
54,57,F,alto,17.2,822.53
55,27,M,bajo,0.1,149.25
56,51,M,medio,13.9,612.39
57,30,M,bajo,2.3,135.53
58,55,F,medio,9.0,484.9
59,26,M,alto,10.2,460.93
60,51,F,alto,7.6,459.43
61,27,M,medio,11.5,456.43
62,27,M,bajo,4.3,157.97
63,64,M,alto,6.7,374.16
64,48,M,alto,6.7,337.37
65,30,F,bajo,7.0,249.02
66,22,F,medio,9.7,464.87
67,50,M,alto,9.3,394.65
68,50,M,alto,12.3,611.82
69,34,M,medio,4.5,317.8
70,22,M,medio,3.8,289.25
71,60,F,bajo,8.1,421.59
72,60,F,bajo,2.3,225.97
73,26,F,bajo,6.7,418.18
74,28,M,bajo,6.4,372.76
75,50,F,medio,7.6,372.41
76,41,M,medio,9.1,466.49
77,46,M,medio,6.6,299.62
78,22,M,bajo,8.7,340.1
79,24,M,medio,6.0,359.53
80,26,F,alto,15.8,729.23
81,34,F,bajo,4.8,172.61
82,38,M,medio,3.6,230.3
83,62,M,medio,12.8,585.09
84,23,F,bajo,5.5,279.98
85,32,M,medio,12.5,522.68
86,53,F,medio,9.8,488.04
87,20,M,bajo,8.7,387.77
88,37,F,alto,15.1,761.63
89,36,F,alto,14.1,671.88
90,34,M,bajo,0.2,174.97
91,50,M,alto,11.7,620.68
92,59,F,alto,11.9,590.85
93,43,F,alto,8.6,481.91
94,63,M,medio,13.9,667.8
95,21,M,bajo,0.6,80.16
96,28,M,bajo,6.0,241.98
97,42,F,alto,8.9,470.41
98,28,F,medio,3.0,278.13
99,41,F,alto,9.9,647.44
100,31,F,bajo,0.0,86.66
101,42,M,medio,6.1,306.57
102,18,M,medio,12.0,518.36
103,27,F,alto,6.5,447.6
104,32,M,alto,17.5,822.2
105,27,F,medio,10.9,465.17
106,57,M,bajo,7.4,342.99
107,63,F,alto,14.4,565.64
108,50,M,alto,13.0,639.42
109,63,M,bajo,0.3,109.44
110,24,F,medio,9.1,487.92
111,58,M,alto,12.4,622.8
112,47,M,alto,17.2,850.53
113,52,M,alto,12.3,615.57
114,22,F,bajo,6.6,242.83
115,31,M,alto,13.8,562.02
116,22,F,alto,9.4,535.8
117,20,M,bajo,5.4,222.38
118,62,F,alto,12.8,712.27
119,18,F,bajo,4.4,254.26
120,31,F,medio,10.8,505.68
121,36,F,medio,8.1,501.21
122,30,F,bajo,8.4,465.28
123,19,F,medio,3.8,50.65
124,35,F,bajo,8.2,363.54
125,31,M,alto,7.1,419.06
126,41,M,alto,15.8,703.66
127,50,F,bajo,6.3,314.35
128,49,F,bajo,1.4,240.45
129,49,F,medio,6.3,374.33
130,38,M,medio,3.0,256.6
131,39,F,bajo,8.5,386.08
132,65,F,medio,7.1,378.48
133,43,F,alto,6.9,502.07
134,21,F,bajo,0.5,33.5
135,60,F,alto,17.2,803.8
136,50,F,bajo,7.0,373.16
137,45,M,alto,10.8,614.57
138,31,M,bajo,8.4,325.52
139,44,F,alto,15.0,689.68
140,21,M,bajo,4.2,180.77
141,39,F,medio,5.8,314.23
142,43,M,medio,8.3,328.34
143,60,F,bajo,1.5,138.59
144,49,M,medio,13.0,628.81
145,46,F,bajo,4.9,247.58
146,53,M,medio,5.6,349.96
147,34,M,bajo,6.7,261.66
148,51,M,medio,6.0,360.31
149,21,F,medio,9.3,395.06
150,51,M,bajo,2.4,221.59
151,33,F,medio,10.1,436.6
152,19,M,bajo,3.8,225.95
153,48,F,bajo,0.7,211.28
154,51,F,medio,5.7,258.16
155,24,M,bajo,1.4,141.56
156,64,F,bajo,5.0,244.94
157,20,M,bajo,2.1,215.5
158,37,M,alto,9.0,450.33
159,58,F,alto,15.2,768.73
160,55,M,medio,5.9,353.86
161,56,M,bajo,4.8,290.88
162,38,M,medio,8.8,433.3
163,53,M,bajo,8.6,372.35
164,19,M,medio,12.7,533.25
165,59,F,bajo,2.3,79.6
166,32,F,bajo,6.3,180.79
167,63,F,medio,10.5,533.34
168,65,M,bajo,4.5,332.51
169,30,F,bajo,2.1,157.9
170,36,M,alto,11.9,702.01
171,29,M,medio,7.6,314.58
172,27,F,bajo,1.9,20.0
173,56,M,medio,3.6,292.55
174,63,F,alto,7.4,453.33
175,23,M,medio,5.1,251.7
176,47,M,medio,10.3,431.53
177,42,F,medio,7.9,418.96
178,23,F,medio,13.5,628.32
179,25,M,medio,6.9,410.66
180,45,M,bajo,6.3,199.01
181,30,F,alto,17.0,816.01
182,48,M,alto,10.9,617.69
183,58,F,bajo,3.4,83.74
184,21,F,bajo,6.7,338.83
185,56,F,medio,6.0,408.2
186,34,F,medio,6.3,317.56
187,64,M,bajo,7.4,415.54
188,47,F,medio,13.0,653.38
189,49,M,medio,5.0,321.87
190,62,M,alto,8.8,391.44
191,38,F,medio,11.6,481.55
192,43,M,bajo,3.7,159.94
193,59,M,medio,9.1,368.77
194,24,M,medio,9.9,625.62
195,31,M,medio,8.5,406.67
196,32,M,medio,8.1,344.57
197,61,M,alto,12.5,640.14
198,36,F,medio,9.2,349.43
199,41,F,alto,9.1,460.09
200,33,M,medio,12.7,596.89
201,55,M,medio,3.7,240.13
202,51,M,alto,15.7,791.68
203,59,F,bajo,0.9,20.0
204,46,F,bajo,7.9,377.72
205,32,M,bajo,1.7,202.84
206,22,F,alto,16.4,759.78
207,46,F,alto,17.3,871.0
208,57,F,bajo,0.3,121.23
209,39,M,bajo,1.8,125.89
210,59,M,bajo,7.4,422.32
211,44,F,bajo,5.6,286.19
212,49,F,bajo,3.7,207.74
213,43,M,alto,12.4,586.63
214,35,F,medio,10.3,441.84
215,44,M,medio,11.2,571.8
216,19,F,alto,8.4,427.79
217,64,F,bajo,8.5,350.94
218,25,M,medio,9.4,471.27
219,41,F,bajo,1.2,137.13
220,43,M,alto,13.5,673.62
221,41,M,bajo,3.1,197.18
222,22,M,medio,8.4,450.53
223,30,F,bajo,7.5,472.61
224,38,M,alto,17.1,835.57
225,42,M,alto,13.4,675.21
226,32,F,alto,16.2,733.96
227,48,M,alto,8.6,418.23
228,42,F,bajo,1.3,152.1
229,64,M,bajo,8.0,413.2
230,60,F,bajo,3.5,118.09
231,47,F,alto,11.0,513.13
232,60,F,medio,8.5,391.65
233,29,M,bajo,5.6,228.95
234,57,F,bajo,7.3,340.3
235,43,M,bajo,1.2,81.75
236,46,M,bajo,5.7,287.72
237,23,F,alto,12.1,676.76
238,42,M,bajo,7.7,376.36
239,57,M,bajo,1.2,142.83
240,28,M,bajo,7.5,312.47
241,57,F,bajo,2.9,71.74
242,47,M,medio,8.5,337.8
243,48,M,alto,9.2,447.04
244,20,M,bajo,3.6,194.82
245,58,F,alto,9.9,450.14
246,34,M,alto,6.6,475.12
247,41,F,alto,12.3,569.45
248,34,F,alto,15.6,624.46
249,34,F,medio,9.4,392.02
250,46,M,bajo,5.5,347.53
251,21,F,alto,9.0,381.33
252,55,F,alto,6.0,245.52
253,20,M,bajo,2.6,114.85
254,41,M,bajo,4.4,182.91
255,57,M,bajo,0.5,32.42
256,51,F,alto,8.7,459.7
257,55,F,alto,7.6,363.64
258,28,M,bajo,8.4,463.13
259,33,M,medio,4.1,177.31
260,35,F,medio,13.6,524.06
261,21,F,alto,13.7,538.17
262,64,F,bajo,1.5,165.85
263,18,M,bajo,4.8,205.69
264,21,M,bajo,5.5,293.62
265,60,M,bajo,3.7,115.08
266,59,F,alto,8.1,447.95
267,37,M,medio,9.9,572.45
268,48,M,medio,12.3,563.81
269,65,F,bajo,6.7,273.56
270,24,F,bajo,5.8,293.03
271,25,F,alto,17.1,843.71
272,21,F,alto,12.6,612.32
273,45,F,medio,10.1,524.76
274,50,M,bajo,2.3,138.28
275,33,M,bajo,6.7,257.2
276,39,M,medio,13.0,703.46
277,58,F,medio,12.2,525.32
278,45,M,alto,16.6,668.71
279,31,F,alto,13.0,610.24
280,20,M,bajo,1.0,83.34
281,28,F,bajo,6.3,331.54
282,59,M,alto,6.8,414.71
283,20,M,alto,15.1,770.52
284,52,M,alto,17.3,949.09
285,24,M,bajo,1.8,271.6
286,58,M,alto,13.6,697.73
287,48,M,bajo,0.9,96.08
288,38,F,medio,5.9,283.6
289,40,F,medio,3.5,241.15
290,56,F,medio,9.8,340.88
291,19,F,bajo,3.9,216.18
292,63,M,alto,12.8,581.61
293,63,M,alto,15.8,751.87
294,30,F,bajo,0.0,62.68
295,49,M,medio,10.6,574.3
296,55,F,alto,9.1,356.22
297,28,F,bajo,8.4,383.38
298,58,M,medio,11.7,580.48
299,62,M,alto,9.9,640.12
300,65,M,medio,12.8,663.97
301,19,F,bajo,2.7,94.87
302,28,F,alto,8.8,517.28
303,47,M,alto,13.1,617.32
304,20,F,alto,9.9,450.27
305,27,F,alto,12.6,599.04
306,62,F,alto,8.8,544.34
307,39,F,alto,16.6,783.76
308,37,M,alto,7.9,489.22
309,33,F,alto,12.3,645.81
310,30,F,alto,17.9,875.54
311,28,M,bajo,3.5,299.25
312,64,F,medio,6.0,317.17
313,24,M,medio,5.3,289.36
314,43,F,alto,8.7,490.78
315,58,F,medio,3.2,217.15
316,18,M,medio,10.7,604.74
317,55,F,bajo,6.0,217.28
318,59,M,alto,8.2,360.99
319,25,F,medio,6.4,324.34
320,44,M,medio,10.8,490.75
321,58,M,medio,12.3,555.51
322,44,M,alto,9.9,527.49
323,18,F,medio,13.0,629.82
324,31,M,alto,15.4,763.49
325,30,F,bajo,7.6,309.65
326,48,M,alto,15.5,749.9
327,41,F,medio,11.2,349.61
328,29,F,alto,15.2,776.45
329,25,F,alto,6.7,395.36
330,18,M,medio,13.1,657.71
331,58,F,alto,9.2,515.39
332,51,M,medio,8.1,505.22
333,28,M,bajo,7.3,292.52
334,53,M,bajo,3.2,131.15
335,58,F,medio,14.0,637.4
336,48,F,bajo,2.4,64.47
337,42,F,medio,10.5,391.16
338,35,F,bajo,5.9,296.74
339,38,F,medio,7.7,335.34
340,41,M,medio,12.4,504.32
341,21,M,alto,16.9,799.2
342,40,M,alto,6.1,349.55
343,22,F,medio,9.7,364.89
344,29,F,medio,11.6,485.06
345,31,F,alto,8.0,517.67
346,23,F,bajo,4.5,179.09
347,31,M,alto,16.1,747.58
348,25,F,medio,5.6,286.46
349,26,F,medio,9.1,316.11
350,62,F,bajo,4.5,243.78
351,52,M,bajo,7.6,273.2
352,60,F,medio,7.1,385.23
353,44,M,bajo,5.7,267.13
354,57,M,alto,14.8,701.5
355,39,M,alto,11.8,599.91
356,31,F,alto,7.5,401.51
357,24,F,medio,8.2,309.97
358,31,F,medio,6.8,341.95
359,34,M,medio,6.2,364.23
360,50,F,alto,10.1,479.92
361,31,F,bajo,3.0,153.3
362,55,M,bajo,3.6,242.97
363,53,F,alto,12.9,617.1
364,20,M,medio,9.7,485.72
365,60,M,alto,16.9,728.76
366,58,M,bajo,0.4,21.54
367,58,F,alto,15.2,758.11
368,20,F,bajo,8.2,394.17
369,59,M,medio,12.6,612.03
370,63,F,medio,5.0,329.5
371,20,F,bajo,3.9,120.26
372,21,F,alto,12.3,508.67
373,25,F,alto,14.3,674.92
374,61,F,alto,13.1,660.42
375,60,M,medio,11.5,513.2
376,48,M,bajo,5.6,265.26
377,45,M,bajo,6.2,408.39
378,23,M,bajo,1.2,213.76
379,19,F,alto,12.8,542.02
380,21,F,alto,14.6,734.96
381,27,M,medio,9.9,459.31
382,34,M,alto,6.4,328.71
383,21,M,alto,14.2,645.74
384,37,M,medio,9.7,428.32
385,38,F,alto,14.7,673.04
386,25,F,alto,8.0,460.83
387,44,F,medio,11.6,495.08
388,54,F,medio,6.1,345.78
389,57,F,alto,14.7,742.78
390,37,F,bajo,3.4,192.54
391,61,F,alto,15.3,737.85
392,62,M,medio,5.9,389.62
393,45,M,alto,17.0,804.77
394,36,M,alto,7.8,341.87
395,53,F,medio,8.9,371.27
396,42,M,alto,17.2,786.42
397,32,F,alto,6.7,330.0
398,34,M,medio,8.1,465.3
399,23,F,bajo,2.1,27.55
400,51,F,medio,8.6,365.47
401,30,M,bajo,1.7,163.93
402,41,F,medio,11.6,625.34
403,27,M,bajo,8.3,255.13
404,41,F,bajo,1.4,118.29
405,56,M,medio,6.1,310.95
406,31,F,alto,12.8,619.77
407,34,F,medio,4.1,179.78
408,56,M,medio,12.3,593.77
409,39,M,bajo,3.4,204.93
410,41,F,medio,13.4,611.95
411,22,F,bajo,6.4,347.59
412,32,M,alto,12.1,637.95
413,29,F,bajo,3.3,194.34
414,29,M,medio,13.4,704.61
415,21,M,bajo,2.3,49.32
416,48,M,bajo,1.3,101.16
417,18,M,alto,15.0,665.29
418,59,M,medio,6.6,316.18
419,34,F,bajo,3.4,142.1
420,27,M,medio,10.9,558.63
421,30,M,bajo,8.3,401.13
422,41,M,medio,13.5,750.5
423,42,M,alto,6.9,464.35
424,32,F,bajo,5.7,267.43
425,27,F,bajo,6.6,338.7
426,27,F,bajo,2.4,210.73
427,44,M,bajo,0.2,22.2
428,28,F,medio,4.2,237.89
429,47,F,bajo,1.4,28.78
430,60,M,alto,11.7,587.44
431,36,M,medio,11.3,592.14
432,34,M,bajo,0.9,82.52
433,36,F,bajo,0.5,71.63
434,58,M,medio,11.9,502.73
435,39,M,medio,3.0,250.25
436,29,F,medio,3.4,165.4
437,44,M,medio,9.3,477.86
438,32,M,bajo,5.4,294.04
439,23,F,medio,4.9,344.41
440,58,M,alto,9.7,586.36
441,18,M,alto,14.8,631.99
442,21,F,medio,6.1,384.17
443,58,F,bajo,0.1,121.5
444,60,F,bajo,1.7,88.09
445,41,M,bajo,6.3,193.73
446,40,F,alto,6.9,358.43
447,40,M,medio,11.6,593.94
448,21,F,bajo,8.6,328.84
449,49,F,alto,6.3,400.22
450,33,M,bajo,5.6,242.44
451,28,M,medio,5.8,326.47
452,24,M,medio,3.2,208.07
453,56,F,alto,8.9,435.83
454,24,M,bajo,2.5,174.15
455,47,F,alto,12.0,600.34
456,43,M,alto,13.1,677.88
457,32,M,alto,12.9,639.43
458,19,F,alto,11.0,532.06
459,56,M,medio,13.7,674.6
460,43,M,medio,10.9,532.48
461,54,F,medio,12.3,635.76
462,61,F,bajo,7.8,380.31
463,60,M,medio,4.2,279.93
464,30,M,bajo,1.3,158.49
465,43,F,alto,6.6,561.06
466,20,M,alto,13.5,642.95
467,61,F,alto,12.5,699.35
468,34,M,alto,6.2,347.35
469,33,M,medio,4.2,238.74
470,21,F,bajo,4.2,249.27
471,52,M,medio,4.4,301.13
472,44,F,medio,5.7,353.36
473,23,F,medio,9.7,389.94
474,30,F,medio,12.8,549.28
475,37,F,medio,12.0,609.04
476,30,F,alto,10.8,570.85
477,40,M,bajo,2.9,148.47
478,31,F,bajo,6.9,364.54
479,28,M,alto,16.5,757.04
480,42,F,medio,11.1,529.71
481,24,M,alto,14.9,746.91
482,40,M,alto,8.4,514.1
483,57,F,alto,7.1,503.72
484,48,F,alto,14.5,594.57
485,63,M,medio,12.6,680.98
486,55,M,medio,7.4,383.98
487,54,M,medio,12.3,552.09
488,25,F,medio,10.6,585.01
489,36,F,medio,6.9,282.57
490,59,F,bajo,7.1,316.61
491,49,F,medio,6.3,234.15
492,45,F,alto,8.8,459.57
493,39,F,alto,16.1,801.01
494,45,M,bajo,0.4,64.81
495,54,F,medio,13.1,608.77
496,45,F,medio,8.1,333.99
497,20,F,medio,13.4,576.56
498,24,F,medio,8.5,357.44
499,59,M,bajo,8.7,326.2
500,57,F,alto,12.4,626.59
501,23,M,medio,6.5,458.18
502,50,M,bajo,5.9,269.04
503,36,F,alto,16.7,753.84
504,36,M,alto,16.7,801.29
505,44,M,bajo,5.7,231.94
506,58,M,alto,10.9,530.39
507,18,F,alto,14.3,744.51
508,24,M,alto,6.4,394.46
509,29,F,alto,12.8,724.37
510,50,M,alto,8.4,376.85
511,56,M,bajo,1.4,114.9
512,24,M,bajo,8.5,354.56
513,49,F,alto,11.2,602.62
514,61,F,bajo,6.4,220.55
515,40,F,bajo,0.3,20.0
516,55,M,medio,5.1,207.84
517,57,F,bajo,0.5,140.29
518,20,F,bajo,5.6,222.45
519,33,M,bajo,1.4,81.55
520,18,F,medio,7.6,369.54
521,34,F,bajo,2.2,70.07
522,32,F,medio,7.4,442.19
523,63,F,bajo,7.1,331.34
524,40,F,bajo,0.1,100.8
525,36,F,alto,10.4,483.32
526,39,F,alto,6.8,513.01
527,25,F,medio,9.1,394.65
528,40,M,medio,3.4,272.96
529,60,M,medio,11.9,553.83
530,30,F,alto,16.0,789.61
531,26,F,medio,12.2,575.56
532,40,M,alto,10.9,530.95
533,58,M,medio,13.5,569.93
534,46,M,alto,18.0,832.69
535,56,F,alto,17.9,770.59
536,50,M,bajo,7.9,347.01
537,25,M,alto,16.2,756.59
538,19,M,medio,3.2,119.91
539,63,M,alto,8.1,489.1
540,60,M,bajo,5.1,211.28
541,41,F,bajo,0.6,66.65
542,26,F,medio,6.9,402.05
543,47,M,medio,4.9,214.28
544,62,F,medio,3.3,305.36
545,63,F,bajo,9.0,296.18
546,24,M,medio,4.3,339.75
547,56,M,alto,14.1,617.93
548,45,M,medio,4.7,324.93
549,65,M,alto,9.7,494.22
550,32,F,alto,12.2,584.76
551,45,F,bajo,1.0,105.53
552,20,M,bajo,6.1,204.54
553,20,F,bajo,7.0,250.9
554,44,F,alto,13.4,768.72
555,32,F,alto,7.1,479.28
556,39,F,alto,6.7,383.76
557,62,M,medio,10.4,554.58
558,49,M,bajo,8.6,301.25
559,53,F,bajo,4.9,330.1
560,52,F,bajo,8.7,374.27
561,28,F,medio,7.5,400.55
562,26,F,alto,11.8,647.75
563,63,M,bajo,4.6,102.48
564,40,F,bajo,8.0,411.61
565,27,M,medio,9.9,522.73
566,28,M,alto,17.8,869.0
567,43,M,bajo,6.2,364.68
568,20,M,medio,6.3,344.78
569,25,F,medio,13.6,651.23
570,54,F,medio,4.8,337.67
571,22,M,bajo,4.2,288.22
572,65,F,alto,12.8,627.65
573,24,F,medio,8.4,430.37
574,40,M,alto,9.4,455.52
575,57,F,alto,9.0,501.15
576,43,M,medio,7.0,376.87
577,58,M,bajo,7.1,377.62
578,38,F,bajo,5.8,193.93
579,40,F,bajo,3.3,130.74
580,34,M,bajo,0.4,57.01
581,54,F,bajo,8.5,312.45
582,28,F,alto,13.0,646.49
583,23,M,alto,8.7,535.73
584,43,M,bajo,7.7,417.81
585,48,M,bajo,6.5,422.01
586,50,F,bajo,2.5,157.03
587,60,M,alto,14.5,717.69
588,18,M,alto,8.0,440.3
589,36,M,medio,11.8,513.25
590,48,M,alto,9.9,456.92
591,47,F,alto,16.9,899.93
592,56,M,bajo,6.5,185.45
593,39,F,alto,12.9,705.89
594,59,M,medio,12.5,554.93
595,51,M,bajo,2.0,130.06
596,27,F,alto,13.0,552.19
597,44,F,alto,8.9,444.66
598,32,M,bajo,4.9,263.01
599,25,M,medio,10.1,517.98
600,63,F,bajo,5.0,332.58
601,32,M,alto,12.2,592.75
602,44,M,medio,4.5,258.05
603,50,M,alto,17.9,825.26
604,61,F,alto,8.1,430.4
605,30,F,bajo,1.2,108.98
606,33,M,medio,3.5,212.62
607,62,M,medio,6.3,322.69
608,23,M,alto,7.4,370.23
609,64,F,bajo,3.3,244.3
610,65,M,medio,4.3,172.47
611,41,F,alto,11.9,624.95
612,40,F,alto,7.4,379.99
613,61,M,medio,6.9,357.91
614,55,F,bajo,7.1,318.12
615,49,M,bajo,7.2,363.77
616,36,F,bajo,5.3,331.45
617,34,F,medio,3.2,202.78
618,50,F,bajo,7.2,362.3
619,20,M,bajo,5.6,222.89
620,48,M,alto,16.1,697.72
621,43,M,alto,12.2,566.39
622,37,M,alto,13.5,719.4
623,31,M,medio,11.0,485.0
624,40,F,bajo,3.0,232.83
625,48,F,bajo,0.2,20.0
626,20,M,alto,14.1,730.18
627,35,F,medio,3.7,296.89
628,54,M,alto,6.4,390.14
629,53,M,bajo,7.0,268.94
630,41,F,bajo,7.9,297.01
631,27,M,medio,13.6,585.83
632,58,M,medio,12.6,626.59
633,63,F,medio,3.7,212.98
634,48,F,bajo,7.3,382.65
635,40,M,bajo,1.8,196.93
636,43,F,medio,9.3,395.81
637,37,M,alto,6.8,392.02
638,64,F,bajo,8.3,424.26
639,55,M,alto,8.1,302.46
640,40,F,alto,16.4,687.19
641,22,F,medio,12.9,582.71
642,19,M,alto,9.2,545.29
643,63,M,bajo,0.4,20.0
644,36,M,bajo,2.2,184.36
645,21,M,alto,6.6,499.71
646,54,F,alto,7.6,487.99
647,30,F,alto,13.7,723.35
648,19,M,medio,6.6,355.79
649,65,M,alto,11.8,515.32
650,29,M,medio,11.8,479.85
651,23,F,medio,13.9,513.21
652,18,M,medio,9.2,533.64
653,38,M,medio,9.8,463.73
654,23,M,bajo,1.9,79.29
655,51,M,medio,12.0,489.88
656,55,M,alto,17.8,861.02
657,54,F,bajo,6.7,309.95
658,20,F,alto,15.3,825.88
659,63,F,alto,9.3,362.21
660,26,F,bajo,5.0,229.16
661,24,F,bajo,8.9,411.99
662,23,M,alto,7.6,538.72
663,21,M,alto,15.3,726.71
664,65,M,bajo,7.8,438.16
665,28,M,medio,11.6,548.74
666,49,M,alto,16.9,962.48
667,42,F,bajo,2.9,193.75
668,64,M,bajo,7.3,321.07
669,43,F,bajo,2.1,46.75
670,42,M,bajo,2.3,239.3
671,34,F,bajo,2.1,169.14
672,59,F,medio,12.7,679.5
673,49,M,alto,15.5,600.56
674,35,M,medio,6.1,351.62
675,39,M,medio,12.6,578.89
676,57,F,bajo,5.2,310.27
677,31,F,bajo,7.0,350.88
678,26,F,alto,6.3,360.59
679,25,M,bajo,1.2,82.54
680,40,M,bajo,4.2,286.66
681,43,M,medio,6.7,437.63
682,39,M,alto,8.8,437.73
683,58,M,bajo,1.2,40.75
684,62,M,alto,6.2,341.42
685,38,M,bajo,1.1,69.48
686,45,M,bajo,2.0,138.57
687,52,M,alto,14.9,686.91
688,40,F,bajo,3.1,177.67
689,31,M,alto,6.9,409.18
690,35,M,bajo,1.8,118.34
691,21,F,alto,17.4,805.45
692,20,F,alto,9.4,560.16
693,39,F,alto,14.6,662.45
694,44,F,bajo,3.5,224.06
695,42,F,bajo,8.1,338.46
696,50,F,alto,13.3,622.13
697,42,M,bajo,6.0,359.43
698,20,M,medio,10.6,546.15
699,38,F,alto,14.0,606.28
700,48,F,alto,10.1,555.54
701,52,F,bajo,7.4,372.32
702,40,M,medio,13.7,503.6
703,35,F,bajo,5.7,235.5
704,57,F,medio,13.0,582.6
705,48,F,alto,13.1,438.85
706,22,F,alto,8.5,373.54
707,28,F,bajo,6.1,342.62
708,29,M,medio,7.2,445.87
709,45,M,medio,4.7,278.34
710,40,F,medio,10.3,519.35
711,35,F,medio,14.0,609.81
712,48,M,alto,7.8,384.73
713,61,M,medio,8.4,374.43
714,51,F,medio,5.8,249.59
715,53,M,bajo,5.1,288.97
716,63,F,medio,5.8,333.75
717,34,F,bajo,4.7,212.74
718,26,F,medio,9.8,473.47
719,41,M,alto,11.3,515.78
720,36,F,medio,10.1,554.0
721,34,F,bajo,3.5,72.85
722,30,F,bajo,6.0,223.22
723,39,M,bajo,6.8,265.16
724,49,M,bajo,5.3,311.77
725,47,F,alto,16.1,703.32
726,22,F,medio,8.4,453.84
727,50,M,alto,8.8,507.45
728,61,F,alto,10.0,601.31
729,42,F,bajo,0.8,135.44
730,18,M,medio,4.0,188.24
731,31,F,bajo,7.4,358.02
732,21,F,alto,7.7,494.18
733,44,M,alto,7.7,405.95
734,18,M,alto,9.3,565.97
735,34,M,medio,7.2,347.58
736,43,F,alto,6.6,357.46
737,37,M,medio,11.8,577.13
738,30,M,bajo,1.9,95.94
739,59,F,medio,10.2,479.34
740,39,M,medio,13.1,565.73
741,53,M,alto,9.8,462.19
742,54,F,bajo,2.5,142.3
743,46,F,bajo,6.4,329.21
744,47,F,alto,11.3,503.37
745,31,M,bajo,3.9,196.01
746,22,F,bajo,0.1,49.21
747,64,M,medio,5.4,286.78
748,31,M,bajo,7.0,228.0
749,63,M,alto,7.2,510.42
750,21,F,bajo,5.9,343.39
751,34,F,alto,11.1,663.87
752,26,M,bajo,7.5,244.68
753,36,M,alto,15.6,717.24
754,37,F,medio,9.0,349.83
755,31,M,alto,17.8,814.34
756,42,M,alto,9.5,520.79
757,59,M,bajo,4.2,210.93
758,61,F,bajo,0.3,20.0
759,40,M,alto,17.1,941.84
760,51,M,medio,8.4,415.74
761,19,F,bajo,1.8,118.85
762,55,M,bajo,1.3,159.47
763,35,M,alto,17.1,879.22
764,18,F,bajo,8.5,399.4
765,60,F,bajo,1.5,76.53
766,39,F,bajo,1.0,153.54
767,37,M,alto,12.7,695.27
768,28,F,medio,3.4,272.18
769,20,M,medio,10.1,537.04
770,40,M,medio,11.0,576.12
771,64,M,medio,4.9,336.47
772,59,F,medio,4.6,255.46
773,24,M,bajo,1.1,27.47
774,25,F,medio,5.7,318.41
775,54,M,alto,9.1,542.34
776,53,M,bajo,8.2,356.28
777,64,M,bajo,0.1,128.91
778,62,M,alto,14.9,691.98
779,23,M,bajo,7.6,411.82
780,57,M,medio,9.3,452.67
781,25,M,alto,12.9,648.34
782,50,M,bajo,0.7,166.89
783,39,M,bajo,1.9,137.52
784,37,F,bajo,7.3,300.6
785,47,M,bajo,2.9,266.01
786,20,M,bajo,1.3,65.33
787,50,M,bajo,7.2,338.72
788,32,F,alto,17.7,782.42
789,18,F,bajo,4.5,254.97
790,56,M,bajo,7.8,227.51
791,21,F,medio,4.0,240.7
792,28,F,alto,15.3,676.95
793,49,M,medio,12.1,679.9
794,65,F,alto,13.1,597.73
795,45,F,alto,15.4,770.01
796,55,M,bajo,8.7,353.91
797,34,M,bajo,1.8,85.84
798,49,M,medio,10.3,502.93
799,43,F,medio,7.5,459.49
800,39,F,medio,3.0,259.39
801,49,M,bajo,7.9,299.22
802,37,F,bajo,3.0,183.51
803,31,M,medio,7.3,362.31
804,39,M,medio,5.1,297.08
805,46,F,alto,12.5,627.18
806,58,M,medio,12.1,601.64
807,29,F,medio,6.7,375.78
808,40,F,medio,8.5,452.5
809,50,M,bajo,3.5,310.41
810,24,M,medio,9.2,456.29
811,60,F,alto,10.2,598.92
812,50,F,bajo,8.4,424.28
813,34,F,bajo,4.6,211.76
814,36,F,medio,10.3,532.62
815,58,F,alto,15.7,828.01
816,49,F,alto,17.7,854.65
817,21,M,alto,10.5,522.04
818,27,F,bajo,8.5,449.68
819,48,M,bajo,8.6,412.82
820,55,M,medio,4.9,265.06
821,55,F,alto,15.1,704.56
822,44,F,alto,7.0,488.72
823,61,F,medio,13.6,593.77
824,35,F,bajo,7.5,256.0
825,49,M,alto,10.2,583.71
826,21,M,medio,11.1,577.46
827,28,F,bajo,5.3,363.69
828,41,M,medio,6.4,324.67
829,48,M,alto,9.9,499.59
830,34,F,medio,6.5,357.87
831,48,F,bajo,1.8,183.54
832,44,M,medio,3.5,197.41
833,35,F,alto,12.7,584.62
834,35,F,medio,10.9,426.13
835,43,F,alto,7.5,426.23
836,52,F,medio,9.6,467.67
837,41,F,bajo,8.0,383.18
838,56,F,alto,7.3,408.37
839,37,M,alto,8.1,441.07
840,25,F,medio,12.3,470.01
841,65,F,medio,7.3,396.5
842,29,M,alto,14.8,660.11
843,44,F,bajo,1.9,75.6
844,22,M,alto,14.0,557.89
845,54,F,medio,5.4,291.19
846,61,M,bajo,2.0,31.7
847,33,M,medio,12.9,585.31
848,59,F,medio,4.4,156.02
849,63,F,alto,16.8,764.03
850,56,F,alto,8.6,376.62
851,32,F,bajo,3.2,67.58
852,23,F,bajo,6.3,246.63
853,22,M,medio,5.4,206.81
854,46,F,alto,6.7,431.36
855,46,M,bajo,4.8,174.83
856,36,F,medio,8.8,448.36
857,32,M,alto,15.5,768.25
858,54,M,bajo,7.0,436.96
859,19,F,medio,7.1,415.84
860,23,M,medio,7.3,363.87
861,55,F,bajo,6.0,302.83
862,41,F,alto,17.8,812.79
863,22,F,alto,7.6,351.67
864,63,F,bajo,3.1,203.73
865,30,M,medio,4.8,283.84
866,51,M,medio,11.6,516.91
867,63,M,medio,5.2,301.59
868,36,M,alto,14.7,594.19
869,64,M,bajo,3.2,82.44
870,59,F,alto,10.3,597.62
871,28,F,medio,6.4,379.01
872,40,F,bajo,7.2,343.82
873,47,M,medio,4.2,318.67
874,48,F,bajo,8.2,457.21
875,38,F,bajo,7.6,303.88
876,42,M,medio,5.8,312.33
877,19,M,alto,9.3,532.22
878,64,F,bajo,7.3,270.77
879,45,M,bajo,0.1,81.64
880,42,M,bajo,7.3,414.99
881,23,F,bajo,1.8,20.0
882,38,F,alto,12.7,573.89
883,47,F,alto,16.8,828.94
884,40,F,bajo,0.9,96.07
885,26,M,medio,8.0,330.69
886,63,F,bajo,5.1,210.11
887,64,M,medio,4.9,217.18
888,33,F,alto,16.6,683.38
889,56,M,bajo,8.2,354.05
890,33,M,bajo,3.5,180.41
891,65,M,alto,14.9,689.41
892,30,M,bajo,4.2,183.78
893,43,M,bajo,7.0,399.54
894,54,F,medio,3.5,253.98
895,47,M,medio,11.3,657.66
896,63,M,bajo,1.3,207.37
897,51,M,alto,12.1,692.85
898,42,M,bajo,7.7,417.69
899,53,M,alto,12.7,551.9
900,52,M,alto,6.7,335.41
901,52,F,medio,7.4,480.28
902,19,M,alto,15.7,751.35
903,47,M,bajo,6.4,295.08
904,25,M,alto,12.2,524.41
905,61,M,bajo,6.6,379.13
906,24,M,medio,6.0,233.61
907,37,F,bajo,4.4,179.12
908,30,M,bajo,0.7,61.63
909,25,M,alto,10.6,688.23
910,54,M,alto,15.0,706.11
911,23,M,bajo,6.5,396.01
912,45,M,bajo,5.6,290.14
913,36,F,medio,10.8,509.56
914,40,M,medio,7.2,424.32
915,28,F,bajo,8.8,315.45
916,57,F,medio,11.8,433.75
917,18,F,alto,6.3,404.47
918,39,M,bajo,8.0,488.2
919,23,M,bajo,0.3,108.95
920,39,F,bajo,4.8,191.66
921,47,M,bajo,4.8,198.52
922,44,M,alto,8.5,412.66
923,36,M,alto,9.1,457.1
924,29,F,alto,14.2,512.26
925,62,F,medio,5.7,315.96
926,62,M,alto,9.1,510.0
927,59,M,alto,6.8,462.81
928,22,M,alto,6.8,433.14
929,18,M,medio,3.8,154.49
930,59,F,medio,5.0,256.16
931,24,F,medio,7.3,365.25
932,64,M,medio,6.8,323.44
933,31,M,medio,12.1,577.33
934,40,F,medio,9.9,592.81
935,30,M,bajo,1.4,70.13
936,60,F,bajo,0.4,20.0
937,48,M,bajo,3.4,144.29
938,32,M,bajo,2.7,98.93
939,35,M,medio,7.0,360.4
940,65,F,medio,7.0,333.74
941,51,M,bajo,8.2,422.81
942,19,M,alto,8.3,553.02
943,32,F,medio,5.6,349.44
944,18,M,bajo,6.0,258.78
945,41,M,medio,3.3,197.83
946,47,F,bajo,3.6,208.05
947,49,F,bajo,8.2,352.63
948,30,M,medio,7.0,375.54
949,48,M,medio,9.1,484.13
950,65,M,alto,13.3,673.89
951,42,M,bajo,8.5,339.12
952,28,F,bajo,0.9,87.29
953,48,F,medio,13.2,507.24
954,22,F,alto,9.8,546.04
955,31,F,alto,15.5,824.11
956,48,F,medio,5.0,328.84
957,18,M,alto,11.6,586.34
958,32,F,alto,13.3,581.06
959,59,F,bajo,3.5,233.11
960,20,F,alto,16.8,753.91
961,29,M,bajo,5.4,285.42
962,31,M,medio,7.8,382.02
963,26,M,medio,11.2,402.53
964,43,M,alto,8.0,382.98
965,41,F,bajo,0.6,20.0
966,65,F,alto,17.9,913.99
967,57,M,bajo,7.5,415.43
968,47,F,bajo,8.8,620.35
969,38,M,medio,5.0,209.45
970,54,F,bajo,2.1,188.77
971,18,M,alto,15.7,693.21
972,53,F,bajo,2.3,105.09
973,53,M,medio,13.6,636.09
974,51,M,alto,9.9,552.46
975,21,M,bajo,3.8,301.6
976,44,F,alto,13.9,731.82
977,27,F,alto,10.9,690.42
978,24,M,medio,3.8,286.81
979,29,M,medio,3.8,208.13
980,60,M,medio,5.7,352.03
981,60,F,alto,17.5,823.41
982,34,F,bajo,7.7,374.93
983,34,M,medio,7.0,276.76
984,22,M,alto,14.2,676.12
985,31,F,bajo,4.0,157.61
986,59,M,medio,13.5,698.67
987,32,F,bajo,8.6,403.17
988,26,M,medio,11.1,581.13
989,41,F,alto,11.9,464.13
990,58,M,medio,4.2,416.4
991,50,M,medio,9.8,431.45
992,47,F,alto,12.5,571.26
993,40,F,medio,4.9,274.96
994,61,M,medio,7.1,371.1
995,58,F,alto,13.7,608.43
996,30,F,medio,10.1,413.65
997,28,M,alto,11.5,535.37
998,20,M,bajo,5.4,176.79
999,44,F,bajo,0.6,119.79
1000,62,M,bajo,1.6,121.9
1001,29,F,alto,15.4,736.33
1002,23,M,bajo,1.3,122.56
1003,39,M,alto,10.2,511.77
1004,34,F,bajo,8.3,471.54
1005,34,M,medio,4.0,186.08
1006,34,M,alto,9.9,461.06
1007,50,F,bajo,1.7,193.99
1008,21,M,alto,11.1,538.6
1009,36,M,bajo,2.8,227.4
1010,22,M,bajo,7.1,359.52
1011,46,F,bajo,5.6,303.53
1012,45,M,bajo,1.7,64.16
1013,55,M,bajo,7.6,252.35
1014,50,F,alto,12.4,647.71
1015,64,M,bajo,2.1,210.97
1016,31,F,alto,8.3,475.99
1017,29,M,medio,13.9,653.78
1018,21,M,medio,11.5,518.06
1019,63,F,medio,6.5,343.34
1020,56,F,bajo,2.6,138.83
1021,38,M,bajo,1.6,89.88
1022,19,M,medio,4.3,230.7
1023,50,F,alto,14.6,602.85
1024,24,M,alto,10.6,533.84
1025,48,M,medio,11.8,483.07
1026,48,F,alto,10.5,543.42
1027,46,F,alto,6.6,403.89
1028,35,M,bajo,7.7,327.05
1029,53,M,bajo,4.2,182.52
1030,22,F,medio,8.7,396.06
1031,27,F,alto,7.1,438.75
1032,36,M,alto,7.3,422.98
1033,22,F,bajo,7.4,292.47
1034,33,M,medio,11.4,496.05
1035,45,F,medio,4.4,274.42
1036,25,M,medio,13.4,769.29
1037,64,F,medio,5.5,352.52
1038,47,F,alto,8.4,569.68
1039,26,M,medio,4.2,280.78
1040,33,M,medio,8.6,376.49
1041,62,M,alto,9.9,572.43
1042,39,M,alto,11.0,655.72
1043,18,M,alto,10.1,544.52
1044,20,M,medio,5.5,264.3
1045,38,F,medio,6.3,295.04
1046,36,M,bajo,0.1,23.26
1047,61,F,alto,15.2,606.91
1048,59,M,alto,8.1,403.79
1049,27,F,medio,8.6,397.28
1050,37,M,bajo,4.9,303.34
1051,39,M,medio,12.9,614.8
1052,26,M,alto,17.8,872.97
1053,39,F,medio,11.6,569.28
1054,39,F,bajo,0.6,52.41
1055,25,F,bajo,8.1,424.74
1056,57,M,medio,11.2,534.83
1057,30,F,alto,10.8,608.55
1058,37,F,medio,12.9,449.27
1059,64,F,alto,16.5,751.57
1060,55,M,medio,7.9,387.59
1061,18,M,bajo,1.9,20.0
1062,60,M,alto,17.0,759.5
1063,20,F,alto,12.8,667.84
1064,23,M,alto,9.5,515.7
1065,50,F,bajo,2.0,132.48
1066,32,F,alto,11.2,467.72
1067,42,M,medio,5.2,280.47
1068,64,M,medio,9.0,492.79
1069,50,M,alto,16.5,730.77
1070,53,M,bajo,0.2,31.8
1071,59,M,alto,10.3,577.73
1072,19,M,alto,11.5,568.2
1073,27,M,bajo,1.4,99.39
1074,26,F,alto,9.3,509.04
1075,44,M,alto,13.5,760.52
1076,39,M,alto,15.4,769.73
1077,52,F,bajo,4.7,275.41
1078,30,M,alto,11.5,659.77
1079,56,M,medio,12.2,499.79
1080,49,M,medio,12.6,611.61
1081,22,F,bajo,2.9,190.02
1082,52,F,medio,11.4,570.12
1083,33,M,bajo,1.5,46.66
1084,37,F,bajo,5.7,321.16
1085,46,M,bajo,1.7,96.04
1086,29,F,medio,12.2,628.72
1087,55,F,medio,13.4,569.99
1088,55,M,alto,8.0,461.12
1089,22,F,alto,10.6,577.81
1090,64,F,medio,6.9,373.89
1091,62,F,alto,7.8,497.89
1092,18,M,alto,11.7,535.71
1093,50,F,medio,9.8,520.76
1094,65,M,alto,7.7,515.19
1095,41,F,medio,9.5,436.86
1096,28,F,alto,8.2,412.51
1097,25,M,bajo,5.5,291.51
1098,35,F,alto,16.7,723.95
1099,40,F,alto,17.3,841.66
1100,57,F,bajo,3.3,216.08
1101,42,M,medio,11.9,545.75
1102,39,F,medio,4.8,275.67
1103,62,F,bajo,0.7,111.16
1104,26,M,medio,5.5,403.9
1105,21,F,medio,4.3,392.02
1106,24,M,alto,12.6,605.27
1107,23,M,medio,12.2,631.73
1108,64,F,medio,4.0,269.43
1109,63,M,alto,7.5,426.97
1110,28,M,bajo,0.2,91.44
1111,63,M,bajo,4.2,250.72
1112,40,M,medio,4.3,288.21
1113,45,F,medio,7.5,319.98
1114,19,M,bajo,1.6,143.68
1115,27,F,alto,14.8,781.15
1116,61,M,medio,9.0,468.69
1117,54,M,medio,7.8,480.51
1118,60,F,alto,17.3,819.65
1119,21,M,medio,4.9,217.9
1120,18,M,medio,7.6,450.31
1121,60,M,alto,10.6,524.6
1122,48,M,medio,12.8,540.26
1123,30,F,bajo,7.1,356.22
1124,55,F,medio,10.1,375.64
1125,53,F,alto,10.0,462.52
1126,35,M,medio,13.2,567.95
1127,20,M,medio,11.4,416.01
1128,55,F,alto,17.2,745.43
1129,23,M,bajo,3.4,247.66
1130,45,F,alto,15.7,689.24
1131,23,F,alto,10.4,656.12
1132,37,M,bajo,5.9,309.5
1133,35,F,bajo,8.3,572.79
1134,45,F,medio,10.1,410.04
1135,38,F,alto,17.4,781.49
1136,65,M,alto,9.5,516.13
1137,56,M,medio,10.0,447.58
1138,50,M,medio,8.3,447.21
1139,23,M,bajo,1.9,33.34
1140,23,F,medio,12.2,491.07
1141,56,M,bajo,5.8,284.64
1142,50,F,medio,4.8,196.14
1143,32,F,bajo,2.3,183.59
1144,57,F,bajo,5.7,254.46
1145,52,F,bajo,0.9,187.23
1146,61,M,alto,10.6,496.79
1147,59,F,medio,12.1,691.89
1148,28,M,alto,9.8,490.25
1149,28,M,medio,8.2,482.13
1150,24,F,alto,9.9,494.74
1151,39,M,medio,7.2,494.48
1152,49,F,medio,7.2,476.49
1153,53,M,medio,11.5,509.53
1154,36,F,alto,10.4,605.69
1155,61,F,medio,13.4,559.18
1156,60,M,medio,5.1,237.76
1157,30,F,medio,13.7,626.46
1158,22,F,bajo,1.9,293.26
1159,22,M,alto,12.1,693.98
1160,60,M,alto,9.4,584.44
1161,24,M,alto,13.0,620.61
1162,45,M,medio,6.4,302.15
1163,54,M,alto,11.0,633.52
1164,29,M,alto,8.4,423.17
1165,29,M,bajo,1.9,189.69
1166,65,F,alto,17.6,873.9
1167,43,M,bajo,5.4,244.84
1168,65,F,alto,7.8,386.71
1169,41,M,bajo,8.9,481.97
1170,59,F,bajo,3.3,182.02
1171,41,M,medio,13.1,546.34
1172,28,M,bajo,1.3,164.15
1173,55,M,bajo,2.8,141.8
1174,49,F,medio,9.0,430.96
1175,18,M,bajo,3.8,212.79
1176,33,F,bajo,7.0,426.55
1177,48,F,medio,6.7,358.63
1178,60,M,medio,13.9,585.84
1179,33,M,alto,17.1,814.68
1180,39,M,medio,10.1,527.9
1181,45,F,bajo,4.6,276.2
1182,27,M,medio,7.8,378.98
1183,24,F,bajo,5.3,79.64
1184,65,M,alto,15.5,741.56
1185,36,M,medio,3.5,134.23
1186,30,F,bajo,2.1,126.74
1187,31,F,medio,10.3,600.09
1188,18,M,alto,10.8,630.78
1189,30,F,bajo,4.8,229.0
1190,33,F,alto,14.0,737.52
1191,32,M,medio,7.6,401.51
1192,23,M,bajo,4.9,227.39
1193,34,M,medio,8.5,383.7
1194,60,F,alto,15.7,749.46
1195,36,M,alto,15.8,717.74
1196,48,F,bajo,5.9,289.69
1197,19,M,alto,17.8,806.23
1198,22,M,medio,5.6,208.83
1199,32,F,medio,4.9,315.69
1200,35,M,medio,7.8,342.66
